label,ref_nb,query_nb,dim,time_sec
Small_EUCLIDEAN,1000,200,32,0.00365
Small_MANHATTAN,1000,200,32,0.00094
Medium_EUCLIDEAN,10000,1000,64,0.00703
Medium_MANHATTAN,10000,1000,64,0.00707
Large_EUCLIDEAN,100000,10000,128,0.22661
Large_MANHATTAN,100000,10000,128,0.25978
