label,ref_nb,query_nb,dim,time_sec
Small_EUCLIDEAN,1000,200,32,0.00366
Small_MANHATTAN,1000,200,32,0.00094
Small_COSINE,1000,200,32,0.00092
Medium_EUCLIDEAN,10000,1000,64,0.00710
Medium_MANHATTAN,10000,1000,64,0.00714
Medium_COSINE,10000,1000,64,0.00716
Large_EUCLIDEAN,100000,10000,128,0.22908
Large_MANHATTAN,100000,10000,128,0.25914
Large_COSINE,100000,10000,128,0.26736
